{
  "mode": "fixed-footprint",
  "W": 0.00034449993408480404,
  "S": 3.296253948150424e-05,
  "L": 0.021,
  "t_m": 1.0000000000000001e-07,
  "f": 10000000000.0,
  "w_s": 0.003,
  "l_s": 0.003,
  "n_pass": 7,
  "eps_r": 3.8,
  "tan_d": 0.0001,
  "sigma": 41000000.0,
  "Rs": 0.24521696845524557,
  "alpha_c": 109.76094515972717,
  "alpha_d": 0.012852190371563422,
  "u": 2.3052497443520736,
  "substrate": "Fused silica",
  "metal": "Au"
}